# object_id,ra,dec,i_kronflux_mag,i_kronflux_magerr,y_kronflux_mag,y_kronflux_magerr,specz_redshift
43158455615258373,150.39485739337937,2.071950380186485,20.047153,0.0005093338,19.914454,0.0015412271,0.166