# object_id,ra,dec,i_kronflux_mag,i_kronflux_magerr,y_kronflux_mag,y_kronflux_magerr,specz_redshift
43158739083088275,150.01816802087646,2.3668568149641454,18.742218,0.0002435127,18.533129,0.00064469903,0.186