# object_id,ra,dec,i_kronflux_mag,i_kronflux_magerr,y_kronflux_mag,y_kronflux_magerr,specz_redshift
43158464205185583,150.45538248887215,2.3885348591602895,18.998936,0.00027243892,18.625668,0.0006388687,0.21677168
